park_id,park,community,year,month,visits,unit,status,source_url,retrieved_utc
slide,Slide Rock State Park,Sedona area,2024,1,11422,park visits,reported,https://in.nau.edu/wp-content/uploads/sites/212/State-Parks-2024-1.pdf,2026-09-22
slide,Slide Rock State Park,Sedona area,2024,2,17642,park visits,reported,https://in.nau.edu/wp-content/uploads/sites/212/State-Parks-2024-1.pdf,2026-09-22
slide,Slide Rock State Park,Sedona area,2024,3,34275,park visits,reported,https://in.nau.edu/wp-content/uploads/sites/212/State-Parks-2024-1.pdf,2026-09-22
slide,Slide Rock State Park,Sedona area,2024,4,45464,park visits,reported,https://in.nau.edu/wp-content/uploads/sites/212/State-Parks-2024-1.pdf,2026-09-22
slide,Slide Rock State Park,Sedona area,2024,5,52988,park visits,reported,https://in.nau.edu/wp-content/uploads/sites/212/State-Parks-2024-1.pdf,2026-09-22
slide,Slide Rock State Park,Sedona area,2024,6,57732,park visits,reported,https://in.nau.edu/wp-content/uploads/sites/212/State-Parks-2024-1.pdf,2026-09-22
slide,Slide Rock State Park,Sedona area,2024,7,58807,park visits,reported,https://in.nau.edu/wp-content/uploads/sites/212/State-Parks-2024-1.pdf,2026-09-22
slide,Slide Rock State Park,Sedona area,2024,8,48618,park visits,reported,https://in.nau.edu/wp-content/uploads/sites/212/State-Parks-2024-1.pdf,2026-09-22
slide,Slide Rock State Park,Sedona area,2024,9,44450,park visits,reported,https://in.nau.edu/wp-content/uploads/sites/212/State-Parks-2024-1.pdf,2026-09-22
slide,Slide Rock State Park,Sedona area,2024,10,45922,park visits,reported,https://in.nau.edu/wp-content/uploads/sites/212/State-Parks-2024-1.pdf,2026-09-22
slide,Slide Rock State Park,Sedona area,2024,11,28775,park visits,reported,https://in.nau.edu/wp-content/uploads/sites/212/State-Parks-2024-1.pdf,2026-09-22
slide,Slide Rock State Park,Sedona area,2024,12,20921,park visits,reported,https://in.nau.edu/wp-content/uploads/sites/212/State-Parks-2024-1.pdf,2026-09-22
slide,Slide Rock State Park,Sedona area,2025,1,16165,park visits,reported,https://in.nau.edu/wp-content/uploads/sites/212/State-Parks-2025-2.pdf,2026-09-22
slide,Slide Rock State Park,Sedona area,2025,2,24182,park visits,reported,https://in.nau.edu/wp-content/uploads/sites/212/State-Parks-2025-2.pdf,2026-09-22
slide,Slide Rock State Park,Sedona area,2025,3,37981,park visits,reported,https://in.nau.edu/wp-content/uploads/sites/212/State-Parks-2025-2.pdf,2026-09-22
slide,Slide Rock State Park,Sedona area,2025,4,51275,park visits,reported,https://in.nau.edu/wp-content/uploads/sites/212/State-Parks-2025-2.pdf,2026-09-22
slide,Slide Rock State Park,Sedona area,2025,5,43048,park visits,reported,https://in.nau.edu/wp-content/uploads/sites/212/State-Parks-2025-2.pdf,2026-09-22
slide,Slide Rock State Park,Sedona area,2025,6,54512,park visits,reported,https://in.nau.edu/wp-content/uploads/sites/212/State-Parks-2025-2.pdf,2026-09-22
slide,Slide Rock State Park,Sedona area,2025,7,53162,park visits,reported,https://in.nau.edu/wp-content/uploads/sites/212/State-Parks-2025-2.pdf,2026-09-22
slide,Slide Rock State Park,Sedona area,2025,8,44339,park visits,reported,https://in.nau.edu/wp-content/uploads/sites/212/State-Parks-2025-2.pdf,2026-09-22
slide,Slide Rock State Park,Sedona area,2025,9,35158,park visits,reported,https://in.nau.edu/wp-content/uploads/sites/212/State-Parks-2025-2.pdf,2026-09-22
slide,Slide Rock State Park,Sedona area,2025,10,39104,park visits,reported,https://in.nau.edu/wp-content/uploads/sites/212/State-Parks-2025-2.pdf,2026-09-22
slide,Slide Rock State Park,Sedona area,2025,11,21827,park visits,reported,https://in.nau.edu/wp-content/uploads/sites/212/State-Parks-2025-2.pdf,2026-09-22
slide,Slide Rock State Park,Sedona area,2025,12,14333,park visits,reported,https://in.nau.edu/wp-content/uploads/sites/212/State-Parks-2025-2.pdf,2026-09-22
red,Red Rock State Park,Sedona area,2024,1,5028,park visits,reported,https://in.nau.edu/wp-content/uploads/sites/212/State-Parks-2024-1.pdf,2026-09-22
red,Red Rock State Park,Sedona area,2024,2,6429,park visits,reported,https://in.nau.edu/wp-content/uploads/sites/212/State-Parks-2024-1.pdf,2026-09-22
red,Red Rock State Park,Sedona area,2024,3,12211,park visits,reported,https://in.nau.edu/wp-content/uploads/sites/212/State-Parks-2024-1.pdf,2026-09-22
red,Red Rock State Park,Sedona area,2024,4,11115,park visits,reported,https://in.nau.edu/wp-content/uploads/sites/212/State-Parks-2024-1.pdf,2026-09-22
red,Red Rock State Park,Sedona area,2024,5,8296,park visits,reported,https://in.nau.edu/wp-content/uploads/sites/212/State-Parks-2024-1.pdf,2026-09-22
red,Red Rock State Park,Sedona area,2024,6,5104,park visits,reported,https://in.nau.edu/wp-content/uploads/sites/212/State-Parks-2024-1.pdf,2026-09-22
red,Red Rock State Park,Sedona area,2024,7,3767,park visits,reported,https://in.nau.edu/wp-content/uploads/sites/212/State-Parks-2024-1.pdf,2026-09-22
red,Red Rock State Park,Sedona area,2024,8,3678,park visits,reported,https://in.nau.edu/wp-content/uploads/sites/212/State-Parks-2024-1.pdf,2026-09-22
red,Red Rock State Park,Sedona area,2024,9,5643,park visits,reported,https://in.nau.edu/wp-content/uploads/sites/212/State-Parks-2024-1.pdf,2026-09-22
red,Red Rock State Park,Sedona area,2024,10,9027,park visits,reported,https://in.nau.edu/wp-content/uploads/sites/212/State-Parks-2024-1.pdf,2026-09-22
red,Red Rock State Park,Sedona area,2024,11,8133,park visits,reported,https://in.nau.edu/wp-content/uploads/sites/212/State-Parks-2024-1.pdf,2026-09-22
red,Red Rock State Park,Sedona area,2024,12,6754,park visits,reported,https://in.nau.edu/wp-content/uploads/sites/212/State-Parks-2024-1.pdf,2026-09-22
red,Red Rock State Park,Sedona area,2025,1,5211,park visits,reported,https://in.nau.edu/wp-content/uploads/sites/212/State-Parks-2025-2.pdf,2026-09-22
red,Red Rock State Park,Sedona area,2025,2,6761,park visits,reported,https://in.nau.edu/wp-content/uploads/sites/212/State-Parks-2025-2.pdf,2026-09-22
red,Red Rock State Park,Sedona area,2025,3,10884,park visits,reported,https://in.nau.edu/wp-content/uploads/sites/212/State-Parks-2025-2.pdf,2026-09-22
red,Red Rock State Park,Sedona area,2025,4,10332,park visits,reported,https://in.nau.edu/wp-content/uploads/sites/212/State-Parks-2025-2.pdf,2026-09-22
red,Red Rock State Park,Sedona area,2025,5,6974,park visits,reported,https://in.nau.edu/wp-content/uploads/sites/212/State-Parks-2025-2.pdf,2026-09-22
red,Red Rock State Park,Sedona area,2025,6,3789,park visits,reported,https://in.nau.edu/wp-content/uploads/sites/212/State-Parks-2025-2.pdf,2026-09-22
red,Red Rock State Park,Sedona area,2025,7,3347,park visits,reported,https://in.nau.edu/wp-content/uploads/sites/212/State-Parks-2025-2.pdf,2026-09-22
red,Red Rock State Park,Sedona area,2025,8,3057,park visits,reported,https://in.nau.edu/wp-content/uploads/sites/212/State-Parks-2025-2.pdf,2026-09-22
red,Red Rock State Park,Sedona area,2025,9,4690,park visits,reported,https://in.nau.edu/wp-content/uploads/sites/212/State-Parks-2025-2.pdf,2026-09-22
red,Red Rock State Park,Sedona area,2025,10,7983,park visits,reported,https://in.nau.edu/wp-content/uploads/sites/212/State-Parks-2025-2.pdf,2026-09-22
red,Red Rock State Park,Sedona area,2025,11,7115,park visits,reported,https://in.nau.edu/wp-content/uploads/sites/212/State-Parks-2025-2.pdf,2026-09-22
red,Red Rock State Park,Sedona area,2025,12,6074,park visits,reported,https://in.nau.edu/wp-content/uploads/sites/212/State-Parks-2025-2.pdf,2026-09-22
dead,Dead Horse Ranch State Park,Cottonwood,2024,1,16944,park visits,reported,https://in.nau.edu/wp-content/uploads/sites/212/State-Parks-2024-1.pdf,2026-09-22
dead,Dead Horse Ranch State Park,Cottonwood,2024,2,19041,park visits,reported,https://in.nau.edu/wp-content/uploads/sites/212/State-Parks-2024-1.pdf,2026-09-22
dead,Dead Horse Ranch State Park,Cottonwood,2024,3,23537,park visits,reported,https://in.nau.edu/wp-content/uploads/sites/212/State-Parks-2024-1.pdf,2026-09-22
dead,Dead Horse Ranch State Park,Cottonwood,2024,4,22419,park visits,reported,https://in.nau.edu/wp-content/uploads/sites/212/State-Parks-2024-1.pdf,2026-09-22
dead,Dead Horse Ranch State Park,Cottonwood,2024,5,21470,park visits,reported,https://in.nau.edu/wp-content/uploads/sites/212/State-Parks-2024-1.pdf,2026-09-22
dead,Dead Horse Ranch State Park,Cottonwood,2024,6,14014,park visits,reported,https://in.nau.edu/wp-content/uploads/sites/212/State-Parks-2024-1.pdf,2026-09-22
dead,Dead Horse Ranch State Park,Cottonwood,2024,7,8647,park visits,reported,https://in.nau.edu/wp-content/uploads/sites/212/State-Parks-2024-1.pdf,2026-09-22
dead,Dead Horse Ranch State Park,Cottonwood,2024,8,7753,park visits,reported,https://in.nau.edu/wp-content/uploads/sites/212/State-Parks-2024-1.pdf,2026-09-22
dead,Dead Horse Ranch State Park,Cottonwood,2024,9,14027,park visits,reported,https://in.nau.edu/wp-content/uploads/sites/212/State-Parks-2024-1.pdf,2026-09-22
dead,Dead Horse Ranch State Park,Cottonwood,2024,10,20412,park visits,reported,https://in.nau.edu/wp-content/uploads/sites/212/State-Parks-2024-1.pdf,2026-09-22
dead,Dead Horse Ranch State Park,Cottonwood,2024,11,21127,park visits,reported,https://in.nau.edu/wp-content/uploads/sites/212/State-Parks-2024-1.pdf,2026-09-22
dead,Dead Horse Ranch State Park,Cottonwood,2024,12,16678,park visits,reported,https://in.nau.edu/wp-content/uploads/sites/212/State-Parks-2024-1.pdf,2026-09-22
dead,Dead Horse Ranch State Park,Cottonwood,2025,1,17694,park visits,reported,https://in.nau.edu/wp-content/uploads/sites/212/State-Parks-2025-2.pdf,2026-09-22
dead,Dead Horse Ranch State Park,Cottonwood,2025,2,20666,park visits,reported,https://in.nau.edu/wp-content/uploads/sites/212/State-Parks-2025-2.pdf,2026-09-22
dead,Dead Horse Ranch State Park,Cottonwood,2025,3,23131,park visits,reported,https://in.nau.edu/wp-content/uploads/sites/212/State-Parks-2025-2.pdf,2026-09-22
dead,Dead Horse Ranch State Park,Cottonwood,2025,4,21417,park visits,reported,https://in.nau.edu/wp-content/uploads/sites/212/State-Parks-2025-2.pdf,2026-09-22
dead,Dead Horse Ranch State Park,Cottonwood,2025,5,19598,park visits,reported,https://in.nau.edu/wp-content/uploads/sites/212/State-Parks-2025-2.pdf,2026-09-22
dead,Dead Horse Ranch State Park,Cottonwood,2025,6,11012,park visits,reported,https://in.nau.edu/wp-content/uploads/sites/212/State-Parks-2025-2.pdf,2026-09-22
dead,Dead Horse Ranch State Park,Cottonwood,2025,7,9394,park visits,reported,https://in.nau.edu/wp-content/uploads/sites/212/State-Parks-2025-2.pdf,2026-09-22
dead,Dead Horse Ranch State Park,Cottonwood,2025,8,6914,park visits,reported,https://in.nau.edu/wp-content/uploads/sites/212/State-Parks-2025-2.pdf,2026-09-22
dead,Dead Horse Ranch State Park,Cottonwood,2025,9,11705,park visits,reported,https://in.nau.edu/wp-content/uploads/sites/212/State-Parks-2025-2.pdf,2026-09-22
dead,Dead Horse Ranch State Park,Cottonwood,2025,10,17358,park visits,reported,https://in.nau.edu/wp-content/uploads/sites/212/State-Parks-2025-2.pdf,2026-09-22
dead,Dead Horse Ranch State Park,Cottonwood,2025,11,18626,park visits,reported,https://in.nau.edu/wp-content/uploads/sites/212/State-Parks-2025-2.pdf,2026-09-22
dead,Dead Horse Ranch State Park,Cottonwood,2025,12,12147,park visits,reported,https://in.nau.edu/wp-content/uploads/sites/212/State-Parks-2025-2.pdf,2026-09-22
jerome,Jerome State Historic Park,Jerome,2024,1,2929,park visits,reported,https://in.nau.edu/wp-content/uploads/sites/212/State-Parks-2024-1.pdf,2026-09-22
jerome,Jerome State Historic Park,Jerome,2024,2,3682,park visits,reported,https://in.nau.edu/wp-content/uploads/sites/212/State-Parks-2024-1.pdf,2026-09-22
jerome,Jerome State Historic Park,Jerome,2024,3,6503,park visits,reported,https://in.nau.edu/wp-content/uploads/sites/212/State-Parks-2024-1.pdf,2026-09-22
jerome,Jerome State Historic Park,Jerome,2024,4,5462,park visits,reported,https://in.nau.edu/wp-content/uploads/sites/212/State-Parks-2024-1.pdf,2026-09-22
jerome,Jerome State Historic Park,Jerome,2024,5,4250,park visits,reported,https://in.nau.edu/wp-content/uploads/sites/212/State-Parks-2024-1.pdf,2026-09-22
jerome,Jerome State Historic Park,Jerome,2024,6,2979,park visits,reported,https://in.nau.edu/wp-content/uploads/sites/212/State-Parks-2024-1.pdf,2026-09-22
jerome,Jerome State Historic Park,Jerome,2024,7,2799,park visits,reported,https://in.nau.edu/wp-content/uploads/sites/212/State-Parks-2024-1.pdf,2026-09-22
jerome,Jerome State Historic Park,Jerome,2024,8,2307,park visits,reported,https://in.nau.edu/wp-content/uploads/sites/212/State-Parks-2024-1.pdf,2026-09-22
jerome,Jerome State Historic Park,Jerome,2024,9,3332,park visits,reported,https://in.nau.edu/wp-content/uploads/sites/212/State-Parks-2024-1.pdf,2026-09-22
jerome,Jerome State Historic Park,Jerome,2024,10,5091,park visits,reported,https://in.nau.edu/wp-content/uploads/sites/212/State-Parks-2024-1.pdf,2026-09-22
jerome,Jerome State Historic Park,Jerome,2024,11,3813,park visits,reported,https://in.nau.edu/wp-content/uploads/sites/212/State-Parks-2024-1.pdf,2026-09-22
jerome,Jerome State Historic Park,Jerome,2024,12,3100,park visits,reported,https://in.nau.edu/wp-content/uploads/sites/212/State-Parks-2024-1.pdf,2026-09-22
jerome,Jerome State Historic Park,Jerome,2025,1,3446,park visits,reported,https://in.nau.edu/wp-content/uploads/sites/212/State-Parks-2025-2.pdf,2026-09-22
jerome,Jerome State Historic Park,Jerome,2025,2,4398,park visits,reported,https://in.nau.edu/wp-content/uploads/sites/212/State-Parks-2025-2.pdf,2026-09-22
jerome,Jerome State Historic Park,Jerome,2025,3,6033,park visits,reported,https://in.nau.edu/wp-content/uploads/sites/212/State-Parks-2025-2.pdf,2026-09-22
jerome,Jerome State Historic Park,Jerome,2025,4,4667,park visits,reported,https://in.nau.edu/wp-content/uploads/sites/212/State-Parks-2025-2.pdf,2026-09-22
jerome,Jerome State Historic Park,Jerome,2025,5,3510,park visits,reported,https://in.nau.edu/wp-content/uploads/sites/212/State-Parks-2025-2.pdf,2026-09-22
jerome,Jerome State Historic Park,Jerome,2025,6,2617,park visits,reported,https://in.nau.edu/wp-content/uploads/sites/212/State-Parks-2025-2.pdf,2026-09-22
jerome,Jerome State Historic Park,Jerome,2025,7,2256,park visits,reported,https://in.nau.edu/wp-content/uploads/sites/212/State-Parks-2025-2.pdf,2026-09-22
jerome,Jerome State Historic Park,Jerome,2025,8,2053,park visits,reported,https://in.nau.edu/wp-content/uploads/sites/212/State-Parks-2025-2.pdf,2026-09-22
jerome,Jerome State Historic Park,Jerome,2025,9,2571,park visits,reported,https://in.nau.edu/wp-content/uploads/sites/212/State-Parks-2025-2.pdf,2026-09-22
jerome,Jerome State Historic Park,Jerome,2025,10,4398,park visits,reported,https://in.nau.edu/wp-content/uploads/sites/212/State-Parks-2025-2.pdf,2026-09-22
jerome,Jerome State Historic Park,Jerome,2025,11,3289,park visits,reported,https://in.nau.edu/wp-content/uploads/sites/212/State-Parks-2025-2.pdf,2026-09-22
jerome,Jerome State Historic Park,Jerome,2025,12,2676,park visits,reported,https://in.nau.edu/wp-content/uploads/sites/212/State-Parks-2025-2.pdf,2026-09-22
fort,Fort Verde State Historic Park,Camp Verde,2024,1,529,park visits,reported,https://in.nau.edu/wp-content/uploads/sites/212/State-Parks-2024-1.pdf,2026-09-22
fort,Fort Verde State Historic Park,Camp Verde,2024,2,759,park visits,reported,https://in.nau.edu/wp-content/uploads/sites/212/State-Parks-2024-1.pdf,2026-09-22
fort,Fort Verde State Historic Park,Camp Verde,2024,3,1312,park visits,reported,https://in.nau.edu/wp-content/uploads/sites/212/State-Parks-2024-1.pdf,2026-09-22
fort,Fort Verde State Historic Park,Camp Verde,2024,4,1217,park visits,reported,https://in.nau.edu/wp-content/uploads/sites/212/State-Parks-2024-1.pdf,2026-09-22
fort,Fort Verde State Historic Park,Camp Verde,2024,5,861,park visits,reported,https://in.nau.edu/wp-content/uploads/sites/212/State-Parks-2024-1.pdf,2026-09-22
fort,Fort Verde State Historic Park,Camp Verde,2024,6,630,park visits,reported,https://in.nau.edu/wp-content/uploads/sites/212/State-Parks-2024-1.pdf,2026-09-22
fort,Fort Verde State Historic Park,Camp Verde,2024,7,450,park visits,reported,https://in.nau.edu/wp-content/uploads/sites/212/State-Parks-2024-1.pdf,2026-09-22
fort,Fort Verde State Historic Park,Camp Verde,2024,8,405,park visits,reported,https://in.nau.edu/wp-content/uploads/sites/212/State-Parks-2024-1.pdf,2026-09-22
fort,Fort Verde State Historic Park,Camp Verde,2024,9,489,park visits,reported,https://in.nau.edu/wp-content/uploads/sites/212/State-Parks-2024-1.pdf,2026-09-22
fort,Fort Verde State Historic Park,Camp Verde,2024,10,1243,park visits,reported,https://in.nau.edu/wp-content/uploads/sites/212/State-Parks-2024-1.pdf,2026-09-22
fort,Fort Verde State Historic Park,Camp Verde,2024,11,709,park visits,reported,https://in.nau.edu/wp-content/uploads/sites/212/State-Parks-2024-1.pdf,2026-09-22
fort,Fort Verde State Historic Park,Camp Verde,2024,12,636,park visits,reported,https://in.nau.edu/wp-content/uploads/sites/212/State-Parks-2024-1.pdf,2026-09-22
fort,Fort Verde State Historic Park,Camp Verde,2025,1,516,park visits,reported,https://in.nau.edu/wp-content/uploads/sites/212/State-Parks-2025-2.pdf,2026-09-22
fort,Fort Verde State Historic Park,Camp Verde,2025,2,904,park visits,reported,https://in.nau.edu/wp-content/uploads/sites/212/State-Parks-2025-2.pdf,2026-09-22
fort,Fort Verde State Historic Park,Camp Verde,2025,3,1117,park visits,reported,https://in.nau.edu/wp-content/uploads/sites/212/State-Parks-2025-2.pdf,2026-09-22
fort,Fort Verde State Historic Park,Camp Verde,2025,4,956,park visits,reported,https://in.nau.edu/wp-content/uploads/sites/212/State-Parks-2025-2.pdf,2026-09-22
fort,Fort Verde State Historic Park,Camp Verde,2025,5,619,park visits,reported,https://in.nau.edu/wp-content/uploads/sites/212/State-Parks-2025-2.pdf,2026-09-22
fort,Fort Verde State Historic Park,Camp Verde,2025,6,649,park visits,reported,https://in.nau.edu/wp-content/uploads/sites/212/State-Parks-2025-2.pdf,2026-09-22
fort,Fort Verde State Historic Park,Camp Verde,2025,7,418,park visits,reported,https://in.nau.edu/wp-content/uploads/sites/212/State-Parks-2025-2.pdf,2026-09-22
fort,Fort Verde State Historic Park,Camp Verde,2025,8,342,park visits,reported,https://in.nau.edu/wp-content/uploads/sites/212/State-Parks-2025-2.pdf,2026-09-22
fort,Fort Verde State Historic Park,Camp Verde,2025,9,524,park visits,reported,https://in.nau.edu/wp-content/uploads/sites/212/State-Parks-2025-2.pdf,2026-09-22
fort,Fort Verde State Historic Park,Camp Verde,2025,10,1461,park visits,reported,https://in.nau.edu/wp-content/uploads/sites/212/State-Parks-2025-2.pdf,2026-09-22
fort,Fort Verde State Historic Park,Camp Verde,2025,11,674,park visits,reported,https://in.nau.edu/wp-content/uploads/sites/212/State-Parks-2025-2.pdf,2026-09-22
fort,Fort Verde State Historic Park,Camp Verde,2025,12,589,park visits,reported,https://in.nau.edu/wp-content/uploads/sites/212/State-Parks-2025-2.pdf,2026-09-22
rockin,Rockin' River Ranch State Park,Camp Verde,2024,1,0,park visits,not yet open,https://in.nau.edu/wp-content/uploads/sites/212/State-Parks-2024-1.pdf,2026-09-22
rockin,Rockin' River Ranch State Park,Camp Verde,2024,2,1146,park visits,reported,https://in.nau.edu/wp-content/uploads/sites/212/State-Parks-2024-1.pdf,2026-09-22
rockin,Rockin' River Ranch State Park,Camp Verde,2024,3,1016,park visits,reported,https://in.nau.edu/wp-content/uploads/sites/212/State-Parks-2024-1.pdf,2026-09-22
rockin,Rockin' River Ranch State Park,Camp Verde,2024,4,635,park visits,reported,https://in.nau.edu/wp-content/uploads/sites/212/State-Parks-2024-1.pdf,2026-09-22
rockin,Rockin' River Ranch State Park,Camp Verde,2024,5,476,park visits,reported,https://in.nau.edu/wp-content/uploads/sites/212/State-Parks-2024-1.pdf,2026-09-22
rockin,Rockin' River Ranch State Park,Camp Verde,2024,6,234,park visits,reported,https://in.nau.edu/wp-content/uploads/sites/212/State-Parks-2024-1.pdf,2026-09-22
rockin,Rockin' River Ranch State Park,Camp Verde,2024,7,134,park visits,reported,https://in.nau.edu/wp-content/uploads/sites/212/State-Parks-2024-1.pdf,2026-09-22
rockin,Rockin' River Ranch State Park,Camp Verde,2024,8,245,park visits,reported,https://in.nau.edu/wp-content/uploads/sites/212/State-Parks-2024-1.pdf,2026-09-22
rockin,Rockin' River Ranch State Park,Camp Verde,2024,9,371,park visits,reported,https://in.nau.edu/wp-content/uploads/sites/212/State-Parks-2024-1.pdf,2026-09-22
rockin,Rockin' River Ranch State Park,Camp Verde,2024,10,569,park visits,reported,https://in.nau.edu/wp-content/uploads/sites/212/State-Parks-2024-1.pdf,2026-09-22
rockin,Rockin' River Ranch State Park,Camp Verde,2024,11,931,park visits,reported,https://in.nau.edu/wp-content/uploads/sites/212/State-Parks-2024-1.pdf,2026-09-22
rockin,Rockin' River Ranch State Park,Camp Verde,2024,12,672,park visits,reported,https://in.nau.edu/wp-content/uploads/sites/212/State-Parks-2024-1.pdf,2026-09-22
rockin,Rockin' River Ranch State Park,Camp Verde,2025,1,786,park visits,reported,https://in.nau.edu/wp-content/uploads/sites/212/State-Parks-2025-2.pdf,2026-09-22
rockin,Rockin' River Ranch State Park,Camp Verde,2025,2,813,park visits,reported,https://in.nau.edu/wp-content/uploads/sites/212/State-Parks-2025-2.pdf,2026-09-22
rockin,Rockin' River Ranch State Park,Camp Verde,2025,3,761,park visits,reported,https://in.nau.edu/wp-content/uploads/sites/212/State-Parks-2025-2.pdf,2026-09-22
rockin,Rockin' River Ranch State Park,Camp Verde,2025,4,516,park visits,reported,https://in.nau.edu/wp-content/uploads/sites/212/State-Parks-2025-2.pdf,2026-09-22
rockin,Rockin' River Ranch State Park,Camp Verde,2025,5,486,park visits,reported,https://in.nau.edu/wp-content/uploads/sites/212/State-Parks-2025-2.pdf,2026-09-22
rockin,Rockin' River Ranch State Park,Camp Verde,2025,6,331,park visits,reported,https://in.nau.edu/wp-content/uploads/sites/212/State-Parks-2025-2.pdf,2026-09-22
rockin,Rockin' River Ranch State Park,Camp Verde,2025,7,214,park visits,reported,https://in.nau.edu/wp-content/uploads/sites/212/State-Parks-2025-2.pdf,2026-09-22
rockin,Rockin' River Ranch State Park,Camp Verde,2025,8,234,park visits,reported,https://in.nau.edu/wp-content/uploads/sites/212/State-Parks-2025-2.pdf,2026-09-22
rockin,Rockin' River Ranch State Park,Camp Verde,2025,9,340,park visits,reported,https://in.nau.edu/wp-content/uploads/sites/212/State-Parks-2025-2.pdf,2026-09-22
rockin,Rockin' River Ranch State Park,Camp Verde,2025,10,472,park visits,reported,https://in.nau.edu/wp-content/uploads/sites/212/State-Parks-2025-2.pdf,2026-09-22
rockin,Rockin' River Ranch State Park,Camp Verde,2025,11,418,park visits,reported,https://in.nau.edu/wp-content/uploads/sites/212/State-Parks-2025-2.pdf,2026-09-22
rockin,Rockin' River Ranch State Park,Camp Verde,2025,12,301,park visits,reported,https://in.nau.edu/wp-content/uploads/sites/212/State-Parks-2025-2.pdf,2026-09-22
